qname	cds_start	cds_end	map_start	map_end	pid	pid_adj	n_error	n_insert	n_mismatch	n_deletion	rname
01_A01	1	1302	1	638	100.0	49.0	0	0	0	0	ENSMUST00000021680.12|ENSMUSG00000021255.18|OTTMUSG00000023036.7|OTTMUST00000096930.1|Esrrb-201|Esrrb|2136|UTR5:1-99|CDS:100-1401|UTR3:1402-2136|
01_A03	1	1209	1	547	100.0	45.2	0	0	0	0	ENSMUST00000031591.10|ENSMUSG00000029595.10|OTTMUSG00000039746.4|OTTMUST00000103349.4|Lhx5-201|Lhx5|2689|UTR5:1-582|CDS:583-1791|UTR3:1792-2689|
01_A04	1	1455	1	645	100.0	44.3	0	0	0	0	ENSMUST00000034184.12|ENSMUSG00000031737.12|OTTMUSG00000040089.3|OTTMUST00000104133.3|Irx5-201|Irx5|2450|UTR5:1-435|CDS:436-1890|UTR3:1891-2450|
01_A05	1	1221	2	611	100.0	50.0	0	0	0	0	ENSMUST00000018842.14|ENSMUSG00000018698.16|OTTMUSG00000000972.8|OTTMUST00000001910.4|Lhx1-201|Lhx1|3846|UTR5:1-1360|CDS:1361-2581|UTR3:2582-3846|
01_A06	1	2298	5	622	99.8	26.8	1	0	1	0	ENSMUST00000020071.4|ENSMUSG00000019913.5|OTTMUSG00000063890.5|OTTMUST00000155689.5|Sim1-201|Sim1|7355|UTR5:1-246|CDS:247-2544|UTR3:2545-7355|
01_A12	1	879	1	656	99.8	74.5	1	0	1	0	ENST00000456324.5|ENSG00000167635.12|OTTHUMG00000180511.1|-|ZNF146-202|ZNF146|3780|UTR5:1-1449|CDS:1450-2328|UTR3:2329-3780|
01_B05	1	1164	10	622	100.0	52.7	0	0	0	0	ENST00000355526.10|ENSG00000011332.21|OTTHUMG00000157164.4|OTTHUMT00000347724.2|DPF1-201|DPF1|2301|UTR5:1-80|CDS:81-1244|UTR3:1245-2301|
01_B07	1	1122	1	596	100.0	53.1	0	0	0	0	ENST00000382276.8|ENSG00000137090.12|OTTHUMG00000019435.3|OTTHUMT00000051489.3|DMRT1-201|DMRT1|2215|UTR5:1-142|CDS:143-1264|UTR3:1265-2215|
01_B09	1	1164	8	554	100.0	47.0	0	0	0	0	ENST00000317216.3|ENSG00000179388.9|OTTHUMG00000097825.3|OTTHUMT00000215098.2|EGR3-201|EGR3|4514|UTR5:1-536|CDS:537-1700|UTR3:1701-4514|
01_B11	1	1239	1	572	100.0	46.2	0	0	0	0	ENST00000256495.4|ENSG00000134107.5|OTTHUMG00000119035.3|OTTHUMT00000239244.3|BHLHE40-201|BHLHE40|3152|UTR5:1-282|CDS:283-1521|UTR3:1522-3152|
01_B12	1	1293	8	635	100.0	48.6	0	0	0	0	ENST00000350148.10|ENSG00000120693.14|OTTHUMG00000016740.2|OTTHUMT00000044526.2|SMAD9-201|SMAD9|2208|UTR5:1-309|CDS:310-1602|UTR3:1603-2208|
01_C01	1	1323	3	537	100.0	40.4	0	0	0	0	ENST00000587260.1|ENSG00000008441.18|OTTHUMG00000180726.4|OTTHUMT00000452773.1|NFIX-208|NFIX|1537|UTR5:1-58|CDS:59-1381|UTR3:1382-1537|
01_C06	1	612	4	234	100.0	37.7	0	0	0	0	ENST00000344884.4|ENSG00000169953.12|OTTHUMG00000041947.2|OTTHUMT00000100001.1|HSFY2-202|HSFY2|1038|UTR5:1-97|CDS:98-709|UTR3:710-1038|
01_C12	1	1419	1	535	100.0	37.7	0	0	0	0	ENST00000298282.14|ENSG00000165495.16|OTTHUMG00000165884.5|OTTHUMT00000386866.4|PKNOX2-201|PKNOX2|3642|UTR5:1-226|CDS:227-1645|UTR3:1646-3642|
01_D01	1	1221	4	628	100.0	51.2	0	0	0	0	ENST00000414429.5|ENSG00000235109.8|OTTHUMG00000014518.5|OTTHUMT00000346804.1|ZSCAN31-203|ZSCAN31|3551|UTR5:1-904|CDS:905-2125|UTR3:2126-3551|
01_D02	1	1374	1	638	100.0	46.4	0	0	0	0	ENST00000355557.7|ENSG00000196387.10|OTTHUMG00000167942.3|OTTHUMT00000397169.1|ZNF140-202|ZNF140|2349|UTR5:1-198|CDS:199-1572|UTR3:1573-2349|
01_D03	1	2247	1	636	100.0	28.3	0	0	0	0	ENST00000392320.7|ENSG00000138378.19|OTTHUMG00000132700.7|OTTHUMT00000335586.2|STAT4-202|STAT4|2560|UTR5:1-49|CDS:50-2296|UTR3:2297-2560|
01_D05	1	1884	1	673	99.9	35.7	1	0	1	0	ENST00000282308.4|ENSG00000152454.4|OTTHUMG00000183449.3|OTTHUMT00000466702.2|ZNF256-201|ZNF256|2207|UTR5:1-232|CDS:233-2116|UTR3:2117-2207|
01_D06	1	2052	1	611	100.0	29.8	0	0	0	0	ENST00000219069.6|ENSG00000006194.10|OTTHUMG00000129323.4|OTTHUMT00000251463.3|ZNF263-201|ZNF263|3282|UTR5:1-328|CDS:329-2380|UTR3:2381-3282|
01_D07	1	948	1	649	100.0	68.5	0	0	0	0	ENST00000558993.1|ENSG00000174306.22|OTTHUMG00000032481.7|OTTHUMT00000419120.3|ZHX3-211|ZHX3|1528|UTR5:1-475|CDS:476-1423|UTR3:1424-1528|
01_D08	1	1539	1	656	100.0	42.6	0	0	0	0	ENST00000305883.6|ENSG00000172059.11|OTTHUMG00000119004.6|OTTHUMT00000239202.4|KLF11-201|KLF11|4035|UTR5:1-167|CDS:168-1706|UTR3:1707-4035|
01_E01	1	1767	1	630	100.0	35.7	0	0	0	0	ENST00000329285.13|ENSG00000153896.19|OTTHUMG00000182346.5|OTTHUMT00000460648.3|ZNF599-201|ZNF599|3102|UTR5:1-374|CDS:375-2141|UTR3:2142-3102|
01_E07	1	3486	5	645	99.8	18.4	1	0	1	0	ENST00000422911.6|ENSG00000141956.14|OTTHUMG00000086781.7|OTTHUMT00000195240.4|PRDM15-203|PRDM15|6714|UTR5:1-213|CDS:214-3699|UTR3:3700-6714|
01_E09	1	1830	1	678	99.7	36.9	2	0	2	0	ENST00000593133.5|ENSG00000180479.14|OTTHUMG00000182016.4|OTTHUMT00000458667.1|ZNF571-206|ZNF571|2904|UTR5:1-729|CDS:730-2559|UTR3:2560-2904|
01_E10	1	1278	1	619	100.0	48.4	0	0	0	0	ENST00000614034.5|ENSG00000275111.5|OTTHUMG00000155150.5|OTTHUMT00000338595.5|ZNF2-203|ZNF2|3580|UTR5:1-91|CDS:92-1369|UTR3:1370-3580|
01_E12	1	1749	1	610	100.0	34.9	0	0	0	0	ENST00000401424.6|ENSG00000133794.20|OTTHUMG00000150623.9|-|ARNTL-202|ARNTL|2807|UTR5:1-553|CDS:554-2302|UTR3:2303-2807|
01_F01	1	1017	4	637	99.8	62.2	1	0	1	0	ENST00000353609.8|ENSG00000125740.14|OTTHUMG00000182122.3|OTTHUMT00000459561.2|FOSB-201|FOSB|3775|UTR5:1-591|CDS:592-1608|UTR3:1609-3775|
01_F07	1	1026	14	585	100.0	55.8	0	0	0	0	ENST00000361487.7|ENSG00000198807.13|OTTHUMG00000140251.4|OTTHUMT00000276733.3|PAX9-201|PAX9|4166|UTR5:1-230|CDS:231-1256|UTR3:1257-4166|
01_F12	1	1230	1	515	100.0	41.9	0	0	0	0	ENST00000369404.3|ENSG00000023041.12|OTTHUMG00000019062.2|OTTHUMT00000050394.1|ZDHHC6-201|ZDHHC6|1721|UTR5:1-411|CDS:412-1641|UTR3:1642-1721|
01_G09	1	2250	4	664	100.0	29.4	0	0	0	0	ENST00000382004.7|ENSG00000080298.16|OTTHUMG00000019456.2|OTTHUMT00000051545.1|RFX3-204|RFX3|9307|UTR5:1-312|CDS:313-2562|UTR3:2563-9307|
01_G10	1	1425	11	689	100.0	47.6	0	0	0	0	ENST00000429154.7|ENSG00000159882.13|OTTHUMG00000182307.3|OTTHUMT00000460456.2|ZNF230-201|ZNF230|4104|UTR5:1-219|CDS:220-1644|UTR3:1645-4104|
02_A01	1	2292	22	701	100.0	29.7	0	0	0	0	ENST00000678043.1|ENSG00000168610.16|OTTHUMG00000150645.4|-|STAT3-230|STAT3|4837|UTR5:1-221|CDS:222-2513|UTR3:2514-4837|
02_A02	1	1545	1	661	99.8	42.7	1	0	1	0	ENST00000468410.5|ENSG00000105856.14|OTTHUMG00000157642.5|OTTHUMT00000349298.1|HBP1-208|HBP1|2704|UTR5:1-82|CDS:83-1627|UTR3:1628-2704|
02_A03	1	1722	1	652	100.0	37.9	0	0	0	0	ENST00000248211.11|ENSG00000256223.6|OTTHUMG00000167944.4|OTTHUMT00000397182.2|ZNF10-201|ZNF10|4406|UTR5:1-187|CDS:188-1909|UTR3:1910-4406|
02_A10	1	1665	1	632	100.0	38.0	0	0	0	0	ENST00000535489.5|ENSG00000130818.12|OTTHUMG00000180132.4|OTTHUMT00000449905.1|ZNF426-202|ZNF426|2375|UTR5:1-337|CDS:338-2002|UTR3:2003-2375|
02_A12	1	1434	1	599	100.0	41.8	0	0	0	0	ENST00000308683.3|ENSG00000173545.5|OTTHUMG00000090567.2|OTTHUMT00000207105.2|ZNF622-201|ZNF622|1707|UTR5:1-135|CDS:136-1569|UTR3:1570-1707|
02_B11	1	1359	59	533	100.0	35.0	0	0	0	0	ENST00000396373.9|ENSG00000139083.11|OTTHUMG00000168538.3|OTTHUMT00000400130.3|ETV6-202|ETV6|6144|UTR5:1-454|CDS:455-1813|UTR3:1814-6144|
02_B12	1	1422	1	635	99.8	44.6	1	0	1	0	ENST00000395064.3|ENSG00000213588.6|OTTHUMG00000140180.5|OTTHUMT00000276533.2|ZBTB9-201|ZBTB9|2715|UTR5:1-271|CDS:272-1693|UTR3:1694-2715|
02_C01	1	1515	17	682	99.8	43.9	1	0	1	0	ENST00000398612.3|ENSG00000172748.14|OTTHUMG00000086931.10|OTTHUMT00000504173.2|ZNF596-203|ZNF596|2803|UTR5:1-311|CDS:312-1826|UTR3:1827-2803|
02_C02	1	1401	1	727	100.0	51.9	0	0	0	0	ENST00000485903.6|ENSG00000162599.17|OTTHUMG00000008618.11|OTTHUMT00000023804.3|NFIA-212|NFIA|1674|UTR5:1-69|CDS:70-1470|UTR3:1471-1674|
02_C05	1	1356	163	769	100.0	44.8	0	0	0	0	ENST00000187879.12|ENSG00000159885.14|OTTHUMG00000182309.3|OTTHUMT00000460465.2|ZNF222-201|ZNF222|1598|UTR5:1-162|CDS:163-1518|UTR3:1519-1598|
02_C06	1	1326	121	731	99.8	46.0	1	0	1	0	ENST00000361807.8|ENSG00000198298.13|OTTHUMG00000018040.4|OTTHUMT00000047719.3|ZNF485-201|ZNF485|2024|UTR5:1-163|CDS:164-1489|UTR3:1490-2024|
02_C10	1	1398	1	684	100.0	48.9	0	0	0	0	ENST00000302085.9|ENSG00000170365.10|OTTHUMG00000161592.14|OTTHUMT00000365466.2|SMAD1-201|SMAD1|3002|UTR5:1-362|CDS:363-1760|UTR3:1761-3002|
02_D03	1	1167	1	547	100.0	46.9	0	0	0	0	ENST00000304501.2|ENSG00000171056.8|OTTHUMG00000090585.2|OTTHUMT00000207131.2|SOX7-201|SOX7|3215|UTR5:1-78|CDS:79-1245|UTR3:1246-3215|
02_D04	1	1602	1	646	100.0	40.3	0	0	0	0	ENST00000328654.10|ENSG00000198393.8|OTTHUMG00000167936.13|OTTHUMT00000397145.4|ZNF26-201|ZNF26|17697|UTR5:1-474|CDS:475-2076|UTR3:2077-17697|
02_D07	1	652	1	587	99.0	89.1	6	6	0	0	ENST00000587269.5|ENSG00000175387.16|OTTHUMG00000132652.5|OTTHUMT00000450575.2|SMAD2-208|SMAD2|1042|UTR5:1-390|CDS:391-1042|
02_D11	1	1296	15	608	100.0	45.8	0	0	0	0	ENST00000379608.9|ENSG00000137203.15|OTTHUMG00000014235.8|OTTHUMT00000039819.3|TFAP2A-202|TFAP2A|3831|UTR5:1-795|CDS:796-2091|UTR3:2092-3831|
02_D12	1	2409	1	616	100.0	25.6	0	0	0	0	ENST00000371477.4|ENSG00000096401.8|OTTHUMG00000014767.2|OTTHUMT00000040743.2|CDC5L-201|CDC5L|6241|UTR5:1-118|CDS:119-2527|UTR3:2528-6241|
02_E04	1	1383	33	653	100.0	44.9	0	0	0	0	ENST00000393655.4|ENSG00000008196.13|OTTHUMG00000014836.5|OTTHUMT00000040886.4|TFAP2B-202|TFAP2B|5631|UTR5:1-21|CDS:22-1404|UTR3:1405-5631|
02_F01	1	1278	1	650	99.7	50.7	2	0	2	0	ENST00000327367.9|ENSG00000166949.17|OTTHUMG00000133230.6|OTTHUMT00000256967.3|SMAD3-201|SMAD3|6464|UTR5:1-553|CDS:554-1831|UTR3:1832-6464|
02_F02	1	1599	143	658	98.9	31.9	6	6	0	0	ENST00000334213.10|ENSG00000132010.16|OTTHUMG00000156409.4|OTTHUMT00000344101.2|ZNF20-201|ZNF20|3004|UTR5:1-168|CDS:169-1767|UTR3:1768-3004|
02_F03	1	1260	1	658	99.4	51.9	4	0	4	0	ENST00000601151.5|ENSG00000167554.15|OTTHUMG00000182645.4|OTTHUMT00000462881.1|ZNF610-207|ZNF610|2723|UTR5:1-452|CDS:453-1712|UTR3:1713-2723|
02_F04	1	1602	1	624	100.0	39.0	0	0	0	0	ENST00000328654.10|ENSG00000198393.8|OTTHUMG00000167936.13|OTTHUMT00000397145.4|ZNF26-201|ZNF26|17697|UTR5:1-474|CDS:475-2076|UTR3:2077-17697|
02_F06	1	1602	1	635	99.7	39.5	2	0	2	0	ENST00000366197.9|ENSG00000188785.12|OTTHUMG00000183281.5|OTTHUMT00000465937.2|ZNF548-202|ZNF548|4955|UTR5:1-250|CDS:251-1852|UTR3:1853-4955|
02_F08	1	1650	1	659	99.8	39.9	1	0	1	0	ENST00000322748.7|ENSG00000154957.14|OTTHUMG00000178307.6|OTTHUMT00000441450.2|ZNF18-201|ZNF18|2767|UTR5:1-605|CDS:606-2255|UTR3:2256-2767|
02_G05	1	1644	4	571	99.8	34.5	1	0	1	0	ENST00000392048.7|ENSG00000135899.19|OTTHUMG00000133204.6|OTTHUMT00000332540.1|SP110-204|SP110|1937|UTR5:1-101|CDS:102-1745|UTR3:1746-1937|
02_H02	1	1854	20	708	99.9	37.1	1	0	1	0	ENST00000293471.11|ENSG00000176024.18|OTTHUMG00000182424.6|OTTHUMT00000461104.4|ZNF613-201|ZNF613|3165|UTR5:1-427|CDS:428-2281|UTR3:2282-3165|
02_H03	1	1551	10	684	99.9	43.5	1	0	1	0	ENST00000541777.6|ENSG00000167766.19|OTTHUMG00000182761.4|OTTHUMT00000463701.1|ZNF83-203|ZNF83|3743|UTR5:1-1556|CDS:1557-3107|UTR3:3108-3743|
02_H04	1	2415	5	648	100.0	26.7	0	0	0	0	ENST00000655819.1|ENSG00000110693.19|OTTHUMG00000165876.8|-|SOX6-218|SOX6|8979|UTR5:1-204|CDS:205-2619|UTR3:2620-8979|
02_H07	1	1662	1	700	100.0	42.1	0	0	0	0	ENST00000339282.12|ENSG00000249709.8|OTTHUMG00000156418.5|OTTHUMT00000344120.3|ZNF564-201|ZNF564|2885|UTR5:1-150|CDS:151-1812|UTR3:1813-2885|
02_H08	1	837	85	731	100.0	77.3	0	0	0	0	ENST00000683699.1|ENSG00000132170.24|OTTHUMG00000129764.15|-|PPARG-229|PPARG|1177|UTR5:1-93|CDS:94-930|UTR3:931-1177|
02_H09	1	2061	1	635	100.0	30.8	0	0	0	0	ENST00000532777.6|ENSG00000147789.16|OTTHUMG00000165200.2|OTTHUMT00000382645.2|ZNF7-216|ZNF7|2760|UTR5:1-95|CDS:96-2156|UTR3:2157-2760|
02_H11	1	822	1	656	100.0	79.8	0	0	0	0	ENST00000673734.1|ENSG00000115415.20|OTTHUMG00000132699.7|OTTHUMT00000529890.1|STAT1-214|STAT1|3925|UTR5:1-298|CDS:299-1120|UTR3:1121-3925|
02_H12	1	2910	1	639	99.8	21.9	1	0	1	0	ENST00000226574.9|ENSG00000109320.13|OTTHUMG00000161080.10|OTTHUMT00000253801.2|NFKB1-201|NFKB1|4055|UTR5:1-437|CDS:438-3347|UTR3:3348-4055|
03_A01	1	1287	3	644	100.0	49.9	0	0	0	0	ENST00000376983.8|ENSG00000126767.18|OTTHUMG00000021452.4|OTTHUMT00000056437.2|ELK1-203|ELK1|2876|UTR5:1-281|CDS:282-1568|UTR3:1569-2876|
03_A02	1	1386	1	698	100.0	50.4	0	0	0	0	ENST00000355772.8|ENSG00000126746.18|OTTHUMG00000168716.5|OTTHUMT00000400714.1|ZNF384-202|ZNF384|2514|UTR5:1-152|CDS:153-1538|UTR3:1539-2514|
03_A03	1	1728	4	659	100.0	38.0	0	0	0	0	ENST00000621650.2|ENSG00000278129.2|OTTHUMG00000182073.3|OTTHUMT00000459135.3|ZNF8-201|ZNF8|9110|UTR5:1-127|CDS:128-1855|UTR3:1856-9110|
03_A04	1	1557	4	653	100.0	41.7	0	0	0	0	ENST00000339249.5|ENSG00000173275.13|OTTHUMG00000022478.2|OTTHUMT00000058411.2|ZNF449-201|ZNF449|4034|UTR5:1-140|CDS:141-1697|UTR3:1698-4034|
03_A05	1	1314	3	637	100.0	48.3	0	0	0	0	ENST00000361729.3|ENSG00000007968.7|OTTHUMG00000003223.2|OTTHUMT00000008885.2|E2F2-201|E2F2|5196|UTR5:1-440|CDS:441-1754|UTR3:1755-5196|
03_A06	1	2424	41	659	99.8	25.5	1	0	1	0	ENST00000554966.5|ENSG00000100968.14|OTTHUMG00000029351.13|OTTHUMT00000414131.1|NFATC4-218|NFATC4|2506|UTR5:1-82|CDS:83-2506|
03_A10	1	1623	1	643	100.0	39.6	0	0	0	0	ENST00000343979.6|ENSG00000196646.12|OTTHUMG00000156429.8|OTTHUMT00000344151.4|ZNF136-201|ZNF136|3601|UTR5:1-108|CDS:109-1731|UTR3:1732-3601|
03_A11	1	2019	1	583	100.0	28.9	0	0	0	0	ENST00000557385.2|ENSG00000177485.7|OTTHUMG00000171159.5|OTTHUMT00000434468.4|ZBTB33-202|ZBTB33|5253|UTR5:1-270|CDS:271-2289|UTR3:2290-5253|
03_A12	1	1686	2	643	100.0	38.1	0	0	0	0	ENST00000361085.9|ENSG00000075407.18|OTTHUMG00000192066.2|OTTHUMT00000047624.3|ZNF37A-202|ZNF37A|8738|UTR5:1-345|CDS:346-2031|UTR3:2032-8738|
03_B02	1	1368	1	674	100.0	49.3	0	0	0	0	ENST00000586426.5|ENSG00000172000.7|OTTHUMG00000180501.4|OTTHUMT00000451639.2|ZNF556-202|ZNF556|1643|UTR5:1-87|CDS:88-1455|UTR3:1456-1643|
03_B03	1	2379	1	644	100.0	27.1	0	0	0	0	ENST00000551380.6|ENSG00000166704.12|OTTHUMG00000169804.2|OTTHUMT00000405964.2|ZNF606-207|ZNF606|4087|UTR5:1-483|CDS:484-2862|UTR3:2863-4087|
03_B04	1	1617	2	667	99.8	41.1	1	0	1	0	ENST00000317243.10|ENSG00000172006.12|OTTHUMG00000180493.6|OTTHUMT00000451598.4|ZNF554-201|ZNF554|3704|UTR5:1-204|CDS:205-1821|UTR3:1822-3704|
03_B05	1	1620	4	613	99.8	37.6	1	0	1	0	ENST00000292176.2|ENSG00000160685.13|OTTHUMG00000037414.1|OTTHUMT00000091084.1|ZBTB7B-201|ZBTB7B|2129|UTR5:1-213|CDS:214-1833|UTR3:1834-2129|
03_B06	1	2148	160	834	100.0	31.4	0	0	0	0	ENST00000287169.8|ENSG00000156599.11|OTTHUMG00000167198.3|OTTHUMT00000393694.2|ZDHHC5-201|ZDHHC5|4443|UTR5:1-1144|CDS:1145-3292|UTR3:3293-4443|
03_B07	1	1380	1	678	100.0	49.1	0	0	0	0	ENST00000376896.8|ENSG00000198963.11|OTTHUMG00000020026.3|OTTHUMT00000052692.3|RORB-201|RORB|9581|UTR5:1-642|CDS:643-2022|UTR3:2023-9581|
03_B08	1	1389	2	632	100.0	45.4	0	0	0	0	ENST00000481739.2|ENSG00000186350.12|OTTHUMG00000020887.5|OTTHUMT00000054949.2|RXRA-202|RXRA|5537|UTR5:1-177|CDS:178-1566|UTR3:1567-5537|
03_C01	1	1860	1	670	100.0	36.0	0	0	0	0	ENST00000239882.7|ENSG00000120690.16|OTTHUMG00000016783.8|OTTHUMT00000044654.4|ELF1-201|ELF1|3678|UTR5:1-317|CDS:318-2177|UTR3:2178-3678|
03_C03	1	1311	1	643	99.8	49.0	1	0	1	0	ENST00000291547.10|ENSG00000160199.15|OTTHUMG00000086833.6|OTTHUMT00000195520.5|PKNOX1-201|PKNOX1|5300|UTR5:1-159|CDS:160-1470|UTR3:1471-5300|
03_C05	1	1302	4	646	99.8	49.3	1	0	1	0	ENST00000318203.9|ENSG00000180532.11|OTTHUMG00000183474.1|OTTHUMT00000466812.1|ZSCAN4-201|ZSCAN4|2246|UTR5:1-697|CDS:698-1999|UTR3:2000-2246|
03_C06	1	1605	307	1018	100.0	44.4	0	0	0	0	ENST00000361584.5|ENSG00000187801.15|OTTHUMG00000007302.4|OTTHUMT00000504377.2|ZFP69B-201|ZFP69B|2217|UTR5:1-486|CDS:487-2091|UTR3:2092-2217|
03_C11	1	1497	1	638	100.0	42.6	0	0	0	0	ENST00000249375.8|ENSG00000128604.20|OTTHUMG00000158410.7|-|IRF5-201|IRF5|2749|UTR5:1-40|CDS:41-1537|UTR3:1538-2749|
03_C12	1	2412	1	664	100.0	27.5	0	0	0	0	ENST00000337433.10|ENSG00000167380.17|OTTHUMG00000182351.2|-|ZNF226-202|ZNF226|2563|UTR5:1-140|CDS:141-2552|UTR3:2553-2563|
03_D02	1	1623	1	708	99.7	43.5	2	0	2	0	ENST00000590202.3|ENSG00000175322.12|OTTHUMG00000182055.2|OTTHUMT00000459037.2|ZNF519-207|ZNF519|6760|UTR5:1-158|CDS:159-1781|UTR3:1782-6760|
03_D03	1	2034	8	613	100.0	29.8	0	0	0	0	ENST00000307750.5|ENSG00000168795.5|OTTHUMG00000019918.2|OTTHUMT00000052462.2|ZBTB5-201|ZBTB5|4690|UTR5:1-240|CDS:241-2274|UTR3:2275-4690|
03_D04	1	1380	3	663	100.0	47.9	0	0	0	0	ENST00000352065.10|ENSG00000148737.17|OTTHUMG00000019070.11|OTTHUMT00000490056.1|TCF7L2-204|TCF7L2|1553|UTR5:1-97|CDS:98-1477|UTR3:1478-1553|
03_D08	1	2085	4	660	99.8	31.5	1	0	1	0	ENST00000381222.8|ENSG00000214717.12|OTTHUMG00000021069.10|OTTHUMT00000055619.3|ZBED1-202|ZBED1|4507|UTR5:1-201|CDS:202-2286|UTR3:2287-4507|
03_D09	1	1488	1	610	100.0	41.0	0	0	0	0	ENST00000400780.8|ENSG00000185122.11|OTTHUMG00000174604.4|OTTHUMT00000426988.2|HSF1-201|HSF1|2105|UTR5:1-167|CDS:168-1655|UTR3:1656-2105|
03_D12	1	710	1	559	100.0	78.7	0	0	0	0	ENST00000540031.5|ENSG00000198040.11|OTTHUMG00000167939.6|OTTHUMT00000397154.2|ZNF84-210|ZNF84|960|UTR5:1-250|CDS:251-960|
03_E02	1	1335	2	643	100.0	48.1	0	0	0	0	ENST00000250076.7|ENSG00000167840.13|OTTHUMG00000099450.3|OTTHUMT00000216915.1|ZNF232-201|ZNF232|2179|UTR5:1-655|CDS:656-1990|UTR3:1991-2179|
03_E03	1	1497	3	647	99.7	43.0	2	0	2	0	ENST00000342483.5|ENSG00000196152.10|OTTHUMG00000020703.1|OTTHUMT00000054188.1|ZNF79-201|ZNF79|2078|UTR5:1-406|CDS:407-1903|UTR3:1904-2078|
03_E05	1	1476	1	583	100.0	39.5	0	0	0	0	ENST00000284957.9|ENSG00000154710.18|OTTHUMG00000129547.8|OTTHUMT00000251737.3|RABGEF1-201|RABGEF1|3733|UTR5:1-77|CDS:78-1553|UTR3:1554-3733|
03_E07	1	1395	1	677	99.9	48.5	1	0	1	0	ENST00000343381.10|ENSG00000188295.15|OTTHUMG00000040869.6|OTTHUMT00000098394.4|ZNF669-201|ZNF669|1951|UTR5:1-173|CDS:174-1568|UTR3:1569-1951|
03_E08	1	1734	3	680	99.9	39.0	1	0	1	0	ENST00000407315.6|ENSG00000176946.12|OTTHUMG00000133410.4|OTTHUMT00000257267.4|THAP4-204|THAP4|2076|UTR5:1-141|CDS:142-1875|UTR3:1876-2076|
03_E12	1	870	1	613	100.0	70.5	0	0	0	0	ENST00000340684.10|ENSG00000196418.13|OTTHUMG00000041112.3|OTTHUMT00000098573.2|ZNF124-201|ZNF124|1674|UTR5:1-139|CDS:140-1009|UTR3:1010-1674|
03_F01	1	1341	4	655	99.8	48.5	1	0	1	0	ENST00000290552.8|ENSG00000159387.8|OTTHUMG00000172239.4|OTTHUMT00000417445.4|IRX6-201|IRX6|2681|UTR5:1-889|CDS:890-2230|UTR3:2231-2681|
03_F05	1	1749	4	638	100.0	36.3	0	0	0	0	ENST00000299237.3|ENSG00000166188.3|OTTHUMG00000175512.3|OTTHUMT00000430317.1|ZNF319-201|ZNF319|5027|UTR5:1-1437|CDS:1438-3186|UTR3:3187-5027|
03_F07	1	1311	1	609	100.0	46.5	0	0	0	0	ENST00000419022.6|ENSG00000007372.24|OTTHUMG00000041447.26|OTTHUMT00000099286.4|PAX6-209|PAX6|6888|UTR5:1-435|CDS:436-1746|UTR3:1747-6888|
03_G03	1	1326	1	656	100.0	49.5	0	0	0	0	ENST00000373656.4|ENSG00000171448.9|OTTHUMG00000020627.2|OTTHUMT00000053960.2|ZBTB26-202|ZBTB26|4455|UTR5:1-86|CDS:87-1412|UTR3:1413-4455|
03_G05	1	2136	1	682	100.0	31.9	0	0	0	0	ENST00000262259.7|ENSG00000105497.8|OTTHUMG00000167771.5|OTTHUMT00000396205.3|ZNF175-201|ZNF175|6552|UTR5:1-373|CDS:374-2509|UTR3:2510-6552|
03_G08	1	1818	1	661	100.0	36.4	0	0	0	0	ENST00000335815.7|ENSG00000169131.13|OTTHUMG00000192653.2|OTTHUMT00000253481.3|ZNF354A-201|ZNF354A|2521|UTR5:1-155|CDS:156-1973|UTR3:1974-2521|
03_G09	1	1398	1	646	99.7	46.1	2	0	2	0	ENST00000629612.2|ENSG00000081189.16|OTTHUMG00000162634.12|OTTHUMT00000369821.3|MEF2C-232|MEF2C|2851|UTR5:1-426|CDS:427-1824|UTR3:1825-2851|
03_G10	1	876	1	616	100.0	70.3	0	0	0	0	ENST00000296921.6|ENSG00000164438.6|OTTHUMG00000163207.4|OTTHUMT00000372076.4|TLX3-201|TLX3|1534|UTR5:1-118|CDS:119-994|UTR3:995-1534|
03_G11	1	1854	6	703	99.7	37.5	2	0	2	0	ENST00000622180.4|ENSG00000274349.5|OTTHUMG00000188361.2|OTTHUMT00000476980.1|ZNF658-207|ZNF658|2262|UTR5:1-237|CDS:238-2091|UTR3:2092-2262|
03_G12	1	1389	1	628	100.0	45.2	0	0	0	0	ENST00000297689.4|ENSG00000165030.4|OTTHUMG00000020209.3|OTTHUMT00000053038.3|NFIL3-201|NFIL3|2055|UTR5:1-365|CDS:366-1754|UTR3:1755-2055|
03_H05	1	1887	1	665	99.7	35.1	2	0	2	0	ENST00000334241.9|ENSG00000186300.12|OTTHUMG00000180500.6|OTTHUMT00000451637.4|ZNF555-201|ZNF555|8504|UTR5:1-98|CDS:99-1985|UTR3:1986-8504|
03_H06	1	1341	1	659	100.0	49.1	0	0	0	0	ENST00000526889.5|ENSG00000118513.19|OTTHUMG00000015629.11|OTTHUMT00000391876.1|MYB-220|MYB|3157|CDS:1-1341|UTR3:1342-3157|
03_H09	1	1665	1	661	100.0	39.7	0	0	0	0	ENST00000315475.7|ENSG00000177932.7|OTTHUMG00000130888.3|OTTHUMT00000253473.3|ZNF354C-201|ZNF354C|5893|UTR5:1-348|CDS:349-2013|UTR3:2014-5893|
03_H10	1	751	10	662	100.0	87.0	0	0	0	0	ENST00000546653.5|ENSG00000111424.12|OTTHUMG00000169890.4|OTTHUMT00000406438.2|VDR-203|VDR|937|UTR5:1-186|CDS:187-937|
03_H11	1	1233	2	613	100.0	49.6	0	0	0	0	ENST00000450525.7|ENSG00000126351.13|OTTHUMG00000133332.3|OTTHUMT00000257161.1|THRA-203|THRA|5204|UTR5:1-425|CDS:426-1658|UTR3:1659-5204|
03_H12	1	1377	1	638	100.0	46.3	0	0	0	0	ENST00000535642.5|ENSG00000196793.14|OTTHUMG00000018033.2|-|ZNF239-205|ZNF239|1904|UTR5:1-171|CDS:172-1548|UTR3:1549-1904|
04_A06	1	3309	3	596	100.0	18.0	0	0	0	0	ENST00000621696.5|ENSG00000101126.18|OTTHUMG00000032737.28|OTTHUMT00000383532.5|ADNP-205|ADNP|6672|UTR5:1-876|CDS:877-4185|UTR3:4186-6672|
04_B07	1	2202	3	640	100.0	29.0	0	0	0	0	ENST00000260926.9|ENSG00000119042.17|OTTHUMG00000132767.6|OTTHUMT00000335415.1|SATB2-201|SATB2|5318|UTR5:1-413|CDS:414-2615|UTR3:2616-5318|
04_B08	1	1308	1	645	100.0	49.3	0	0	0	0	ENST00000360012.7|ENSG00000196482.18|OTTHUMG00000037025.15|OTTHUMT00000089974.2|ESRRG-202|ESRRG|5431|UTR5:1-438|CDS:439-1746|UTR3:1747-5431|
04_B10	1	1407	4	638	100.0	45.1	0	0	0	0	ENST00000407236.5|ENSG00000186951.16|OTTHUMG00000150443.7|OTTHUMT00000318129.3|PPARA-203|PPARA|9995|UTR5:1-213|CDS:214-1620|UTR3:1621-9995|
04_C11	1	1134	16	548	100.0	47.0	0	0	0	0	ENST00000360032.4|ENSG00000197587.11|OTTHUMG00000007982.3|OTTHUMT00000021895.2|DMBX1-201|DMBX1|5050|UTR5:1-194|CDS:195-1328|UTR3:1329-5050|
04_D03	1	1413	1	678	100.0	48.0	0	0	0	0	ENST00000374608.3|ENSG00000125945.15|OTTHUMG00000003232.3|OTTHUMT00000008910.1|ZNF436-202|ZNF436|3788|UTR5:1-381|CDS:382-1794|UTR3:1795-3788|
04_F01	1	1392	1	630	100.0	45.3	0	0	0	0	ENST00000359842.10|ENSG00000143171.13|OTTHUMG00000034626.5|OTTHUMT00000083794.5|RXRG-201|RXRG|1966|UTR5:1-233|CDS:234-1625|UTR3:1626-1966|
04_F03	1	1650	181	806	100.0	37.9	0	0	0	0	ENST00000599599.7|ENSG00000197951.10|OTTHUMG00000182157.5|OTTHUMT00000459797.4|ZNF71-203|ZNF71|3558|UTR5:1-179|CDS:180-1829|UTR3:1830-3558|
04_H02	1	1329	26	654	100.0	47.3	0	0	0	0	ENST00000373235.4|ENSG00000116819.9|OTTHUMG00000004388.3|OTTHUMT00000012732.2|TFAP2E-201|TFAP2E|2245|UTR5:1-264|CDS:265-1593|UTR3:1594-2245|
05_A01	1	1692	10	423	100.0	24.5	0	0	0	0	ENST00000361872.8|ENSG00000162419.13|OTTHUMG00000003647.2|OTTHUMT00000010332.1|GMEB1-202|GMEB1|1894|UTR5:1-89|CDS:90-1781|UTR3:1782-1894|
05_A02	1	2049	10	578	99.8	27.7	1	0	1	0	ENST00000269973.10|ENSG00000124459.12|OTTHUMG00000182189.3|OTTHUMT00000459919.2|ZNF45-201|ZNF45|3926|UTR5:1-1114|CDS:1115-3163|UTR3:3164-3926|
05_A11	1	2124	1	619	99.7	29.0	2	0	2	0	ENST00000336976.10|ENSG00000267680.5|OTTHUMG00000182313.4|OTTHUMT00000460477.2|ZNF224-201|ZNF224|3980|UTR5:1-254|CDS:255-2378|UTR3:2379-3980|
05_B11	1	2007	1	600	100.0	29.9	0	0	0	0	ENST00000357258.8|ENSG00000181722.17|OTTHUMG00000159366.4|OTTHUMT00000354953.2|ZBTB20-201|ZBTB20|27125|UTR5:1-614|CDS:615-2621|UTR3:2622-27125|
05_C10	1	1638	4	635	99.8	38.5	1	0	1	0	ENST00000314531.5|ENSG00000175691.9|OTTHUMG00000180566.2|OTTHUMT00000451924.2|ZNF77-201|ZNF77|2040|UTR5:1-131|CDS:132-1769|UTR3:1770-2040|
05_C12	1	1854	11	613	99.8	32.5	1	0	1	0	ENST00000592350.5|ENSG00000159905.15|OTTHUMG00000182214.3|OTTHUMT00000460069.2|ZNF221-204|ZNF221|2329|UTR5:1-231|CDS:232-2085|UTR3:2086-2329|
05_D02	1	2049	10	613	99.8	29.4	1	0	1	0	ENST00000269973.10|ENSG00000124459.12|OTTHUMG00000182189.3|OTTHUMT00000459919.2|ZNF45-201|ZNF45|3926|UTR5:1-1114|CDS:1115-3163|UTR3:3164-3926|
05_D08	1	2724	1	611	100.0	22.4	0	0	0	0	ENSMUST00000109197.8|ENSMUSG00000046311.14|OTTMUSG00000005549.5|OTTMUST00000012342.1|Zfp62-202|Zfp62|4029|UTR5:1-296|CDS:297-3020|UTR3:3021-4029|
05_E12	1	1293	6	562	100.0	43.1	0	0	0	0	ENST00000252840.11|ENSG00000130544.12|OTTHUMG00000181977.3|OTTHUMT00000458501.2|ZNF557-201|ZNF557|5759|UTR5:1-242|CDS:243-1535|UTR3:1536-5759|
05_F03	1	1188	10	619	100.0	51.3	0	0	0	0	ENST00000281523.8|ENSG00000151789.12|OTTHUMG00000130484.12|OTTHUMT00000252884.5|ZNF385D-201|ZNF385D|10478|UTR5:1-294|CDS:295-1482|UTR3:1483-10478|
05_F08	1	1692	387	1018	100.0	37.4	0	0	0	0	ENST00000588268.6|ENSG00000197808.12|OTTHUMG00000180832.4|OTTHUMT00000453202.2|ZNF461-204|ZNF461|3955|UTR5:1-228|CDS:229-1920|UTR3:1921-3955|
05_G01	1	1905	430	1007	100.0	30.3	0	0	0	0	ENST00000404158.5|ENSG00000167491.18|OTTHUMG00000152541.10|OTTHUMT00000326672.4|GATAD2A-203|GATAD2A|5776|UTR5:1-418|CDS:419-2323|UTR3:2324-5776|
05_G02	1	1146	8	595	100.0	51.3	0	0	0	0	ENST00000409785.9|ENSG00000176407.18|OTTHUMG00000153004.14|OTTHUMT00000328942.5|KCMF1-201|KCMF1|7500|UTR5:1-291|CDS:292-1437|UTR3:1438-7500|
05_G03	1	1602	1	597	100.0	37.3	0	0	0	0	ENST00000358635.7|ENSG00000109381.20|OTTHUMG00000133383.8|OTTHUMT00000257234.4|ELF2-201|ELF2|3036|UTR5:1-306|CDS:307-1908|UTR3:1909-3036|
05_G05	1	1818	5	619	100.0	33.8	0	0	0	0	ENST00000397062.8|ENSG00000116044.16|OTTHUMG00000133620.18|OTTHUMT00000257752.5|NFE2L2-201|NFE2L2|2446|UTR5:1-151|CDS:152-1969|UTR3:1970-2446|
06_A02	1	990	1	630	100.0	63.6	0	0	0	0	ENST00000506680.5|ENSG00000138795.10|OTTHUMG00000131809.7|OTTHUMT00000363839.1|LEF1-212|LEF1|1280|CDS:1-990|UTR3:991-1280|
06_A12	1	1617	11	654	99.8	39.8	1	0	1	0	ENST00000270014.7|ENSG00000204920.11|OTTHUMG00000182215.4|OTTHUMT00000460074.2|ZNF155-201|ZNF155|2612|UTR5:1-143|CDS:144-1760|UTR3:1761-2612|
06_B11	1	1476	3	504	100.0	34.0	0	0	0	0	ENST00000329665.5|ENSG00000182318.6|OTTHUMG00000183463.2|OTTHUMT00000466765.2|ZSCAN22-201|ZSCAN22|4654|UTR5:1-172|CDS:173-1648|UTR3:1649-4654|
06_F03	1	1305	5	640	100.0	48.7	0	0	0	0	ENST00000367872.9|ENSG00000143194.13|OTTHUMG00000034432.3|OTTHUMT00000083239.2|MAEL-202|MAEL|1737|UTR5:1-73|CDS:74-1378|UTR3:1379-1737|
06_F04	1	1662	8	631	99.8	37.5	1	0	1	0	ENST00000419091.7|ENSG00000117625.14|OTTHUMG00000036996.4|OTTHUMT00000381851.1|RCOR3-203|RCOR3|4474|UTR5:1-195|CDS:196-1857|UTR3:1858-4474|
06_G10	1	1725	1	653	100.0	37.9	0	0	0	0	ENST00000673933.1|ENSG00000185670.9|OTTHUMG00000167608.6|-|ZBTB3-204|ZBTB3|2972|UTR5:1-122|CDS:123-1847|UTR3:1848-2972|
07_A05	1	1569	4	583	100.0	37.0	0	0	0	0	ENST00000311967.6|ENSG00000106459.15|OTTHUMG00000143736.4|OTTHUMT00000289812.1|NRF1-202|NRF1|2481|UTR5:1-78|CDS:79-1647|UTR3:1648-2481|
07_B03	1	1305	2	664	100.0	50.8	0	0	0	0	ENST00000393716.8|ENSG00000144852.20|OTTHUMG00000159400.2|OTTHUMT00000355127.2|NR1I2-202|NR1I2|2802|UTR5:1-222|CDS:223-1527|UTR3:1528-2802|
07_C10	1	1668	1	663	99.8	39.7	1	0	1	0	ENST00000357733.7|ENSG00000078900.15|OTTHUMG00000000610.7|-|TP73-203|TP73|4899|UTR5:1-110|CDS:111-1778|UTR3:1779-4899|
07_H04	1	1761	5	634	100.0	35.8	0	0	0	0	ENST00000328747.12|ENSG00000146757.14|OTTHUMG00000156557.2|OTTHUMT00000344589.2|ZNF92-201|ZNF92|3165|UTR5:1-143|CDS:144-1904|UTR3:1905-3165|
08_A05	1	2544	6	626	100.0	24.4	0	0	0	0	ENST00000454075.7|ENSG00000166888.12|OTTHUMG00000171194.8|OTTHUMT00000412252.2|STAT6-202|STAT6|3037|UTR5:1-286|CDS:287-2830|UTR3:2831-3037|
08_A06	1	1668	5	607	99.8	36.1	1	0	1	0	ENST00000306908.10|ENSG00000171970.13|OTTHUMG00000164485.6|OTTHUMT00000378969.2|ZNF57-201|ZNF57|1970|UTR5:1-118|CDS:119-1786|UTR3:1787-1970|
08_A07	1	858	6	670	100.0	77.5	0	0	0	0	ENST00000447863.5|ENSG00000135164.19|OTTHUMG00000154135.66|OTTHUMT00000334028.2|DMTF1-216|DMTF1|3954|UTR5:1-275|CDS:276-1133|UTR3:1134-3954|
08_B09	1	2172	7	631	100.0	28.8	0	0	0	0	ENST00000269394.4|ENSG00000141579.7|OTTHUMG00000177822.4|OTTHUMT00000439074.3|ZNF750-201|ZNF750|3158|UTR5:1-278|CDS:279-2450|UTR3:2451-3158|
08_B11	1	2097	3	657	100.0	31.2	0	0	0	0	ENST00000610895.2|ENSG00000205189.12|OTTHUMG00000155016.7|-|ZBTB10-205|ZBTB10|2833|UTR5:1-129|CDS:130-2226|UTR3:2227-2833|
08_E11	1	1899	3	592	100.0	31.1	0	0	0	0	ENST00000426126.7|ENSG00000186908.15|OTTHUMG00000169917.2|OTTHUMT00000406555.1|ZDHHC17-201|ZDHHC17|4732|UTR5:1-122|CDS:123-2021|UTR3:2022-4732|
08_F03	1	1929	68	680	100.0	31.8	0	0	0	0	ENST00000539836.3|ENSG00000167394.13|OTTHUMG00000047357.6|OTTHUMT00000433525.3|ZNF668-209|ZNF668|2469|UTR5:1-323|CDS:324-2252|UTR3:2253-2469|
08_F07	1	1386	1	563	100.0	40.6	0	0	0	0	ENST00000078445.7|ENSG00000060566.14|OTTHUMG00000181846.4|OTTHUMT00000457922.2|CREB3L3-201|CREB3L3|2588|UTR5:1-117|CDS:118-1503|UTR3:1504-2588|
08_F10	1	1251	4	475	100.0	37.7	0	0	0	0	ENSMUST00000031787.8|ENSMUSG00000005503.9|OTTMUSG00000018871.4|OTTMUST00000045392.1|Evx1-201|Evx1|2877|UTR5:1-347|CDS:348-1598|UTR3:1599-2877|
08_H08	1	1965	3	545	100.0	27.6	0	0	0	0	ENST00000262965.12|ENSG00000071564.17|OTTHUMG00000180031.13|OTTHUMT00000449367.5|TCF3-201|TCF3|4735|UTR5:1-355|CDS:356-2320|UTR3:2321-4735|
08_H09	1	1245	1	620	100.0	49.8	0	0	0	0	ENST00000394166.8|ENSG00000185551.15|OTTHUMG00000149848.7|OTTHUMT00000313534.2|NR2F2-201|NR2F2|5287|UTR5:1-1406|CDS:1407-2651|UTR3:2652-5287|
08_H11	1	1080	4	613	99.8	56.4	1	0	1	0	ENST00000290759.9|ENSG00000159556.10|OTTHUMG00000143723.4|OTTHUMT00000289779.2|ISL2-201|ISL2|1831|UTR5:1-111|CDS:112-1191|UTR3:1192-1831|
09_A12	1	1599	5	628	99.8	39.0	1	0	1	0	ENST00000243644.9|ENSG00000256683.7|OTTHUMG00000182538.4|OTTHUMT00000462278.2|ZNF350-201|ZNF350|2355|UTR5:1-242|CDS:243-1841|UTR3:1842-2355|
09_B04	1	1620	5	648	100.0	39.8	0	0	0	0	ENST00000429371.7|ENSG00000196378.13|OTTHUMG00000165248.2|OTTHUMT00000382937.1|ZNF34-202|ZNF34|2808|UTR5:1-146|CDS:147-1766|UTR3:1767-2808|
09_C05	1	1992	6	631	100.0	31.4	0	0	0	0	ENST00000308167.10|ENSG00000102034.17|OTTHUMG00000022390.2|OTTHUMT00000058243.1|ELF4-201|ELF4|5140|UTR5:1-382|CDS:383-2374|UTR3:2375-5140|
09_C10	1	1665	6	588	99.8	35.0	1	0	1	0	ENST00000382192.7|ENSG00000122386.11|OTTHUMG00000148676.2|OTTHUMT00000309057.1|ZNF205-202|ZNF205|2062|UTR5:1-205|CDS:206-1870|UTR3:1871-2062|
09_D05	1	5937	1	643	99.8	10.8	1	0	1	0	ENST00000264447.9|ENSG00000075292.19|OTTHUMG00000129735.21|OTTHUMT00000251946.3|ZNF638-201|ZNF638|6487|UTR5:1-296|CDS:297-6233|UTR3:6234-6487|
09_E03	1	915	5	227	100.0	24.4	0	0	0	0	ENST00000262041.6|ENSG00000106511.6|OTTHUMG00000152390.3|OTTHUMT00000326058.3|MEOX2-201|MEOX2|2371|UTR5:1-281|CDS:282-1196|UTR3:1197-2371|
09_E07	1	1377	1	653	99.8	47.3	1	0	1	0	ENST00000564230.5|ENSG00000157429.16|OTTHUMG00000137593.10|OTTHUMT00000433808.1|ZNF19-205|ZNF19|2205|UTR5:1-468|CDS:469-1845|UTR3:1846-2205|
09_G03	1	1371	9	643	99.8	46.2	1	0	1	0	ENST00000398907.5|ENSG00000157554.19|OTTHUMG00000090767.4|OTTHUMT00000207539.1|ERG-204|ERG|4809|UTR5:1-62|CDS:63-1433|UTR3:1434-4809|
09_G04	1	1668	136	653	100.0	31.1	0	0	0	0	ENST00000243643.9|ENSG00000170954.12|OTTHUMG00000182865.2|OTTHUMT00000464040.1|ZNF415-201|ZNF415|2288|UTR5:1-122|CDS:123-1790|UTR3:1791-2288|
09_G07	1	1842	27	656	99.8	34.1	1	0	1	0	ENST00000376741.5|ENSG00000167182.15|OTTHUMG00000150196.4|OTTHUMT00000316777.3|SP2-201|SP2|3026|UTR5:1-51|CDS:52-1893|UTR3:1894-3026|
09_G08	1	1311	5	611	100.0	46.3	0	0	0	0	ENST00000306078.2|ENSG00000171126.8|OTTHUMG00000128604.4|OTTHUMT00000250464.3|KCNG3-201|KCNG3|3709|UTR5:1-481|CDS:482-1792|UTR3:1793-3709|
09_G11	1	3984	6	653	100.0	16.3	0	0	0	0	ENST00000337393.10|ENSG00000122482.21|OTTHUMG00000010078.5|OTTHUMT00000504259.2|ZNF644-201|ZNF644|5541|UTR5:1-63|CDS:64-4047|UTR3:4048-5541|
09_H02	1	1500	229	875	100.0	43.1	0	0	0	0	ENST00000589717.2|ENSG00000256771.4|OTTHUMG00000182369.3|OTTHUMT00000460802.2|ZNF253-203|ZNF253|3542|UTR5:1-115|CDS:116-1615|UTR3:1616-3542|
09_H03	1	1440	10	605	99.8	41.3	1	0	1	0	ENST00000288319.12|ENSG00000157554.19|OTTHUMG00000090767.4|OTTHUMT00000207531.2|ERG-201|ERG|4904|UTR5:1-97|CDS:98-1537|UTR3:1538-4904|
09_H06	1	1491	4	661	100.0	44.1	0	0	0	0	ENST00000207157.7|ENSG00000092607.15|OTTHUMG00000012263.4|OTTHUMT00000034080.1|TBX15-201|TBX15|3492|UTR5:1-315|CDS:316-1806|UTR3:1807-3492|
09_H09	1	825	1	619	100.0	75.0	0	0	0	0	ENST00000640599.1|ENSG00000256771.4|OTTHUMG00000182369.3|-|ZNF253-205|ZNF253|1208|CDS:1-825|UTR3:826-1208|
09_H10	1	1272	4	614	100.0	48.0	0	0	0	0	ENST00000000442.11|ENSG00000173153.17|OTTHUMG00000150641.9|OTTHUMT00000319303.3|ESRRA-201|ESRRA|2274|UTR5:1-225|CDS:226-1497|UTR3:1498-2274|
09_H12	1	2724	3	649	99.7	23.7	2	0	2	0	ENST00000354340.9|ENSG00000062370.17|OTTHUMG00000182357.4|OTTHUMT00000460743.1|ZNF112-202|ZNF112|3660|UTR5:1-58|CDS:59-2782|UTR3:2783-3660|
10_A02	1	2598	392	993	100.0	23.2	0	0	0	0	ENST00000311331.12|ENSG00000197566.10|OTTHUMG00000058996.6|OTTHUMT00000130512.4|ZNF624-201|ZNF624|4241|UTR5:1-89|CDS:90-2687|UTR3:2688-4241|
10_A05	1	1084	5	644	100.0	59.0	0	0	0	0	ENST00000412565.2|ENSG00000136367.14|OTTHUMG00000156894.7|OTTHUMT00000346487.4|ZFHX2-201|ZFHX2|1603|UTR5:1-519|CDS:520-1603|
10_B02	1	2487	16	601	100.0	23.6	0	0	0	0	ENST00000442986.5|ENSG00000183621.15|OTTHUMG00000017904.4|-|ZNF438-206|ZNF438|3245|UTR5:1-435|CDS:436-2922|UTR3:2923-3245|
10_B10	1	1314	7	740	99.9	55.8	1	0	1	0	ENST00000323169.10|ENSG00000177599.13|OTTHUMG00000156529.3|OTTHUMT00000344518.2|ZNF491-201|ZNF491|2888|UTR5:1-338|CDS:339-1652|UTR3:1653-2888|
10_D03	1	1398	5	650	100.0	46.2	0	0	0	0	ENST00000262941.7|ENSG00000197037.11|OTTHUMG00000074055.7|-|ZSCAN25-201|ZSCAN25|1652|UTR5:1-3|CDS:4-1401|UTR3:1402-1652|
10_E03	1	2145	11	658	100.0	30.2	0	0	0	0	ENST00000353796.7|ENSG00000146587.18|OTTHUMG00000121155.4|OTTHUMT00000241640.2|RBAK-201|RBAK|4125|UTR5:1-324|CDS:325-2469|UTR3:2470-4125|
10_E04	1	2487	15	646	100.0	25.4	0	0	0	0	ENST00000436087.6|ENSG00000183621.15|OTTHUMG00000017904.4|-|ZNF438-205|ZNF438|3164|UTR5:1-354|CDS:355-2841|UTR3:2842-3164|
10_E09	1	2175	4	650	100.0	29.7	0	0	0	0	ENST00000449237.4|ENSG00000067646.12|OTTHUMG00000036159.5|OTTHUMT00000481603.1|ZFY-204|ZFY|3464|UTR5:1-136|CDS:137-2311|UTR3:2312-3464|
10_F02	1	2772	17	377	100.0	13.0	0	0	0	0	ENSMUST00000109184.8|ENSMUSG00000027544.17|OTTMUSG00000016052.1|OTTMUST00000038307.1|Nfatc2-204|Nfatc2|6828|UTR5:1-174|CDS:175-2946|UTR3:2947-6828|
10_F03	1	2055	4	630	100.0	30.5	0	0	0	0	ENST00000424354.5|ENSG00000198911.12|OTTHUMG00000151261.3|OTTHUMT00000321957.1|SREBF2-202|SREBF2|5699|UTR5:1-107|CDS:108-2162|UTR3:2163-5699|
10_G01	1	1560	2	659	100.0	42.2	0	0	0	0	ENST00000514101.6|ENSG00000120784.17|OTTHUMG00000048177.6|OTTHUMT00000459486.1|ZFP30-203|ZFP30|4440|UTR5:1-387|CDS:388-1947|UTR3:1948-4440|
10_G04	1	2457	42	657	100.0	25.1	0	0	0	0	ENST00000357491.10|ENSG00000198521.12|OTTHUMG00000128543.3|-|ZNF43-202|ZNF43|5249|UTR5:1-134|CDS:135-2591|UTR3:2592-5249|
10_H02	1	1767	1	643	100.0	36.4	0	0	0	0	ENST00000329285.13|ENSG00000153896.19|OTTHUMG00000182346.5|OTTHUMT00000460648.3|ZNF599-201|ZNF599|3102|UTR5:1-374|CDS:375-2141|UTR3:2142-3102|
10_H03	1	2214	1	630	100.0	28.5	0	0	0	0	ENSMUST00000177288.4|ENSMUSG00000010175.14|OTTMUSG00000040162.4|OTTMUST00000104402.4|Prox1-203|Prox1|3144|UTR5:1-720|CDS:721-2934|UTR3:2935-3144|
10_H04	1	2439	4	641	99.8	26.1	1	0	1	0	ENSMUST00000109891.3|ENSMUSG00000048251.16|OTTMUSG00000019485.1|OTTMUST00000046518.1|Bcl11b-203|Bcl11b|2888|UTR5:1-271|CDS:272-2710|UTR3:2711-2888|
10_H09	1	1935	1	629	100.0	32.5	0	0	0	0	ENST00000340622.8|ENSG00000181220.17|OTTHUMG00000158972.5|OTTHUMT00000352730.2|ZNF746-201|ZNF746|3799|UTR5:1-273|CDS:274-2208|UTR3:2209-3799|
11_B08	1	1353	5	647	100.0	47.5	0	0	0	0	ENST00000377214.8|ENSG00000074219.14|OTTHUMG00000183174.3|OTTHUMT00000465466.1|TEAD2-202|TEAD2|2440|UTR5:1-363|CDS:364-1716|UTR3:1717-2440|
11_E07	1	1215	11	606	99.7	48.9	2	0	2	0	ENST00000291442.4|ENSG00000160113.6|OTTHUMG00000182728.2|OTTHUMT00000463325.1|NR2F6-201|NR2F6|2383|UTR5:1-699|CDS:700-1914|UTR3:1915-2383|
11_H06	1	1689	3	647	100.0	38.2	0	0	0	0	ENST00000360338.4|ENSG00000197714.9|OTTHUMG00000183222.3|OTTHUMT00000465727.2|ZNF460-201|ZNF460|3850|UTR5:1-322|CDS:323-2011|UTR3:2012-3850|
12_A03	1	1449	6	645	100.0	44.2	0	0	0	0	ENST00000565726.3|ENSG00000159714.12|OTTHUMG00000137522.5|OTTHUMT00000422212.3|ZDHHC1-203|ZDHHC1|2252|UTR5:1-345|CDS:346-1794|UTR3:1795-2252|
12_A06	1	1965	6	646	99.8	32.6	1	0	1	0	ENST00000564139.5|ENSG00000167967.16|OTTHUMG00000177084.3|OTTHUMT00000435228.2|E4F1-204|E4F1|2493|UTR5:1-20|CDS:21-1985|UTR3:1986-2493|
12_B01	1	954	9	560	100.0	57.9	0	0	0	0	ENST00000325404.3|ENSG00000181449.4|OTTHUMG00000158222.2|OTTHUMT00000350419.2|SOX2-201|SOX2|2512|UTR5:1-436|CDS:437-1390|UTR3:1391-2512|
12_B04	1	1431	6	635	100.0	44.0	0	0	0	0	ENST00000373033.6|ENSG00000112561.19|OTTHUMG00000014684.13|OTTHUMT00000106775.2|TFEB-204|TFEB|2333|UTR5:1-281|CDS:282-1712|UTR3:1713-2333|
12_B05	1	1428	7	621	100.0	43.1	0	0	0	0	ENST00000303809.7|ENSG00000170684.9|OTTHUMG00000181766.2|OTTHUMT00000457529.2|ZNF296-201|ZNF296|1634|UTR5:1-105|CDS:106-1533|UTR3:1534-1634|
12_B10	1	1458	22	650	99.5	42.9	3	0	3	0	ENST00000638348.2|ENSG00000161551.15|OTTHUMG00000157045.4|OTTHUMT00000347244.2|ZNF577-204|ZNF577|8291|UTR5:1-1349|CDS:1350-2807|UTR3:2808-8291|
12_C07	1	1374	6	638	100.0	46.1	0	0	0	0	ENST00000370606.3|ENSG00000156925.12|OTTHUMG00000022525.2|OTTHUMT00000058524.1|ZIC3-202|ZIC3|1968|UTR5:1-174|CDS:175-1548|UTR3:1549-1968|
12_C08	1	1686	5	627	100.0	37.0	0	0	0	0	ENST00000651061.1|ENSG00000160908.15|OTTHUMG00000154660.3|OTTHUMT00000502504.1|ZNF394-208|ZNF394|2544|UTR5:1-578|CDS:579-2264|UTR3:2265-2544|
12_C09	1	1344	6	421	100.0	31.0	0	0	0	0	ENST00000282928.5|ENSG00000152977.10|OTTHUMG00000159456.2|OTTHUMT00000355497.2|ZIC1-201|ZIC1|5260|UTR5:1-748|CDS:749-2092|UTR3:2093-5260|
12_C10	1	8370	7	626	100.0	7.4	0	0	0	0	ENST00000397992.5|ENSG00000140836.17|OTTHUMG00000137599.7|OTTHUMT00000419115.1|ZFHX3-203|ZFHX3|13841|UTR5:1-1192|CDS:1193-9562|UTR3:9563-13841|
12_C11	1	3855	6	602	99.8	15.5	1	0	1	0	ENST00000561648.5|ENSG00000102935.12|OTTHUMG00000173491.4|OTTHUMT00000423258.2|ZNF423-202|ZNF423|7907|UTR5:1-301|CDS:302-4156|UTR3:4157-7907|
12_D11	1	1440	33	681	100.0	45.1	0	0	0	0	ENST00000374672.5|ENSG00000136826.15|OTTHUMG00000020449.4|OTTHUMT00000053556.3|KLF4-201|KLF4|2936|UTR5:1-597|CDS:598-2037|UTR3:2038-2936|
12_F05	1	3144	1	626	100.0	19.9	0	0	0	0	ENST00000276480.11|ENSG00000147488.11|OTTHUMG00000164233.3|OTTHUMT00000377867.1|ST18-201|ST18|6187|UTR5:1-684|CDS:685-3828|UTR3:3829-6187|
12_F06	1	1116	24	624	99.7	53.7	2	0	2	0	ENST00000532205.5|ENSG00000181135.16|OTTHUMG00000165146.4|OTTHUMT00000382197.1|ZNF707-223|ZNF707|2865|UTR5:1-899|CDS:900-2015|UTR3:2016-2865|
12_G04	1	2346	64	543	100.0	20.5	0	0	0	0	ENST00000216513.5|ENSG00000100625.9|OTTHUMG00000028996.10|OTTHUMT00000072397.3|SIX4-201|SIX4|6491|UTR5:1-277|CDS:278-2623|UTR3:2624-6491|
